area,bedrooms,bathrooms,floors,parking,location,yearBuilt,price
1360,2,2,9,Yes,Pune,1995,7514000
4272,5,4,1,Yes,Chennai,2002,21678000
3592,5,4,6,Yes,Chennai,2019,23738000
966,2,2,6,Yes,Pune,2008,6535000
3944,4,4,5,Yes,Hyderabad,2003,27054000
3671,5,5,13,Yes,Hyderabad,1996,22386000
3419,4,4,5,Yes,Mumbai,2019,44543000
630,1,1,1,Yes,Mumbai,2017,8705000
2185,2,1,10,Yes,Mumbai,1999,25222000
1269,2,2,12,Yes,Bangalore,2017,11817000
2891,3,2,5,Yes,Bangalore,2023,24595000
2933,4,4,2,Yes,Mumbai,2019,41720000
1684,1,1,7,No,Hyderabad,2002,10717000
3885,4,3,3,No,Bangalore,2010,29468000
4617,5,4,13,Yes,Mumbai,2016,66970000
3404,5,5,15,Yes,Delhi,2010,30244000
974,1,1,4,Yes,Hyderabad,2007,6474000
1582,1,1,3,Yes,Mumbai,2014,19561000
3058,3,2,3,Yes,Delhi,2023,31356000
2547,4,3,4,Yes,Bangalore,2009,20495000
3247,3,2,5,Yes,Hyderabad,1995,18468000
1475,1,1,1,No,Bangalore,2016,11261000
2306,2,2,4,Yes,Bangalore,1997,15855000
689,1,1,12,Yes,Chennai,2000,4679000
3234,4,4,12,Yes,Hyderabad,2016,21729000
3505,5,5,11,Yes,Delhi,2008,30236000
2399,2,2,8,Yes,Hyderabad,1998,15637000
1767,2,2,10,Yes,Bangalore,2012,15505000
2028,3,2,7,No,Mumbai,2009,25144000
3702,5,4,9,Yes,Bangalore,2003,28091000
4056,5,5,5,Yes,Mumbai,2012,53800000
4390,5,5,13,No,Hyderabad,1997,26466000
1146,1,1,15,Yes,Bangalore,2004,9818000
3388,4,3,10,No,Mumbai,2011,44038000
2935,3,2,4,Yes,Bangalore,2001,22219000
1100,1,1,8,Yes,Pune,2009,7180000
2863,5,5,9,Yes,Mumbai,1995,29667000
2561,4,4,13,Yes,Bangalore,2021,22269000
741,2,2,7,Yes,Hyderabad,2019,6189000
2541,4,4,14,Yes,Mumbai,2021,36310000
3324,4,4,7,No,Delhi,2005,30259000
3112,5,4,5,No,Bangalore,2011,25552000
1863,2,2,4,Yes,Pune,1999,10523000
1978,3,2,14,Yes,Bangalore,2001,15813000
3056,4,4,10,Yes,Pune,2013,18849000
1275,1,1,1,Yes,Hyderabad,2019,9255000
4514,5,5,10,Yes,Pune,2018,29408000
534,1,1,10,Yes,Mumbai,2023,8583000
3652,5,5,7,Yes,Bangalore,2009,30269000
2455,3,2,1,Yes,Bangalore,1997,17502000
2085,1,1,1,No,Bangalore,2009,16025000
4443,5,4,5,Yes,Chennai,1999,22545000
3573,5,5,13,Yes,Hyderabad,2017,27018000
1521,1,1,9,Yes,Hyderabad,2006,9815000
3961,5,4,6,Yes,Mumbai,2024,58625000
3113,3,3,3,Yes,Mumbai,2014,40168000
4343,5,5,13,Yes,Mumbai,1999,47792000
2000,2,1,3,No,Delhi,1997,15229000
661,1,1,7,Yes,Bangalore,2003,5033000
4797,5,4,6,Yes,Chennai,2020,31597000
2481,2,2,9,No,Bangalore,2003,18784000
1495,3,2,6,No,Hyderabad,2001,9822000
3842,5,5,5,Yes,Delhi,2020,34894000
4298,5,5,10,Yes,Mumbai,1996,46592000
1775,3,2,7,Yes,Bangalore,2017,15641000
1516,2,2,1,Yes,Mumbai,2017,20636000
837,1,1,12,Yes,Hyderabad,2021,6522000
1378,1,1,7,Yes,Bangalore,2015,11036000
1576,2,2,3,Yes,Pune,2010,9978000
4493,5,4,14,Yes,Hyderabad,2003,27272000
879,1,1,9,Yes,Bangalore,2007,7703000
992,2,2,15,Yes,Pune,2022,8152000
2562,2,2,6,Yes,Chennai,2021,15630000
4384,5,5,9,Yes,Mumbai,2013,60247000
564,1,1,13,Yes,Mumbai,2014,8635000
3068,4,4,15,Yes,Mumbai,2011,40611000
2527,2,1,5,Yes,Chennai,2000,12962000
3195,3,3,7,Yes,Pune,1998,17395000
1995,3,3,13,Yes,Hyderabad,1995,12158000
891,2,2,14,Yes,Bangalore,2012,7853000
4061,5,5,4,No,Mumbai,2013,56252000
2778,2,1,15,No,Delhi,2003,22109000
3599,4,3,7,Yes,Mumbai,2007,44618000
700,1,1,13,Yes,Delhi,2002,6190000
3604,5,4,1,Yes,Chennai,2017,22026000
2954,4,4,7,Yes,Hyderabad,2007,22313000
4145,5,4,8,Yes,Hyderabad,2009,27251000
1304,1,1,5,No,Bangalore,2005,10311000
3231,4,4,2,Yes,Bangalore,2006,24848000
3273,5,5,5,Yes,Hyderabad,2008,23095000
2070,1,1,6,No,Hyderabad,1998,12687000
3190,3,3,12,No,Delhi,1995,24383000
4340,5,4,2,No,Pune,2018,27925000
1528,1,1,14,Yes,Mumbai,1998,17509000
1002,1,1,6,Yes,Mumbai,2013,13401000
1370,1,1,6,Yes,Bangalore,2003,11105000
706,1,1,1,Yes,Delhi,2004,5834000
1984,1,1,14,Yes,Delhi,1998,14556000
1363,2,1,1,Yes,Mumbai,2014,16976000
3290,3,3,14,No,Hyderabad,2024,24231000
1063,2,2,11,Yes,Hyderabad,2003,7804000
4691,5,4,10,Yes,Hyderabad,2007,31891000
2257,2,2,3,Yes,Mumbai,2006,26987000
2178,3,3,14,Yes,Pune,2005,13594000
3742,5,4,10,Yes,Pune,2006,21702000
1559,2,2,10,Yes,Mumbai,2024,22117000
2222,4,3,15,Yes,Delhi,2012,21442000
3814,5,5,12,Yes,Chennai,2024,26517000
3657,5,5,3,Yes,Bangalore,2006,27772000
3125,4,3,4,No,Bangalore,2010,26257000
3229,3,2,2,Yes,Chennai,1999,17030000
2097,1,1,9,Yes,Bangalore,2014,18235000
3560,5,4,10,Yes,Chennai,2019,22458000
3193,5,5,12,Yes,Chennai,2006,19727000
4127,4,4,11,Yes,Delhi,2015,41362000
1863,3,2,14,Yes,Pune,2019,13118000
2481,2,2,7,No,Delhi,2005,20432000
2163,3,3,7,No,Delhi,2003,17364000
2029,2,1,15,Yes,Bangalore,2024,17724000
2538,4,3,6,No,Hyderabad,2012,17001000
3802,4,4,15,Yes,Bangalore,2024,33310000
2737,2,1,3,Yes,Delhi,2019,25913000
1806,3,2,6,Yes,Hyderabad,1997,10945000
4529,5,4,15,Yes,Hyderabad,2014,32432000
3175,4,3,14,No,Hyderabad,2011,22197000
1782,3,3,12,Yes,Delhi,2008,15999000
1209,2,2,8,No,Chennai,1995,6326000
4248,5,5,8,Yes,Chennai,2011,24385000
1163,2,1,11,Yes,Mumbai,2019,16550000
2498,2,1,13,Yes,Pune,2021,16523000
3945,4,3,9,Yes,Delhi,2002,32208000
4243,5,4,15,Yes,Mumbai,1999,47687000
1995,1,1,1,No,Mumbai,1999,21227000
3804,4,3,14,Yes,Hyderabad,2003,24926000
4263,5,4,1,No,Chennai,1997,21719000
2353,3,3,3,No,Bangalore,2013,20037000
1791,2,2,3,Yes,Bangalore,2017,14732000
4081,5,4,10,No,Delhi,2003,32924000
3957,5,4,8,No,Bangalore,2016,33355000
2136,3,2,15,Yes,Bangalore,2024,19493000
4196,5,5,10,No,Mumbai,2012,55672000
3499,4,4,1,No,Hyderabad,2010,23971000
3652,5,4,13,Yes,Delhi,1995,28767000
1198,1,1,2,Yes,Mumbai,1996,14183000
2660,2,2,2,No,Mumbai,2008,33524000
4597,5,5,3,Yes,Mumbai,2008,57686000
1354,1,1,13,Yes,Mumbai,1995,15115000
3974,5,5,6,Yes,Mumbai,2020,55299000
2207,3,2,1,No,Delhi,2020,20159000
3277,4,4,2,Yes,Delhi,2019,29199000
2233,2,2,13,No,Delhi,2010,20067000
4010,4,3,15,Yes,Pune,2009,25879000
702,1,1,13,Yes,Hyderabad,2020,5970000
3755,4,4,1,Yes,Bangalore,2009,31266000
4718,5,5,5,Yes,Chennai,2006,25863000
1266,1,1,13,Yes,Bangalore,2010,9695000
2827,3,3,13,No,Hyderabad,2008,19670000
3431,5,4,7,No,Mumbai,2023,48136000
697,1,1,8,Yes,Hyderabad,2018,5958000
2430,4,4,10,Yes,Hyderabad,2009,16369000
4082,5,5,1,No,Chennai,2017,25169000
1108,1,1,7,No,Mumbai,2009,13567000
3772,5,5,13,Yes,Bangalore,2013,31687000
1647,2,1,5,Yes,Chennai,2002,9254000
4782,5,5,10,Yes,Chennai,1996,24523000
3897,5,5,1,No,Bangalore,1996,26913000
3011,3,3,3,Yes,Bangalore,2021,24811000
2294,2,1,7,Yes,Pune,2004,13757000
1159,2,2,10,Yes,Delhi,1997,10092000
3311,5,5,1,No,Delhi,2017,29920000
1869,3,2,7,Yes,Pune,2011,11784000
2486,4,3,5,Yes,Delhi,2002,21663000
646,1,1,1,Yes,Bangalore,2022,6058000
3719,5,5,1,Yes,Delhi,2017,33921000
3411,3,3,14,Yes,Bangalore,1998,24470000
2234,4,4,1,No,Delhi,2008,19171000
2343,4,4,11,No,Mumbai,2015,32091000
988,2,1,9,No,Hyderabad,2004,6608000
3476,3,2,11,No,Mumbai,2023,48367000
2459,2,2,13,Yes,Bangalore,1995,17775000
2885,4,4,3,No,Bangalore,1998,18437000
3419,5,4,15,Yes,Mumbai,1995,39039000
2302,3,3,13,Yes,Bangalore,2011,19843000
4561,5,5,5,No,Delhi,2020,42405000
3869,4,4,11,Yes,Hyderabad,2011,27725000
762,1,1,10,Yes,Delhi,2001,6477000
1123,1,1,12,Yes,Pune,2017,7734000
1516,3,2,9,Yes,Delhi,2014,14210000
4143,4,4,6,Yes,Mumbai,2009,54092000
2549,4,4,12,No,Chennai,2007,13799000
4223,5,5,9,No,Bangalore,2022,39616000
3608,5,4,8,Yes,Hyderabad,1996,21484000
4590,5,4,8,Yes,Bangalore,2022,41314000
2556,3,2,1,Yes,Hyderabad,2013,18210000
3670,5,4,13,No,Chennai,2018,23080000
2182,2,2,9,Yes,Hyderabad,2007,14302000
2755,2,1,6,Yes,Delhi,2018,26963000
1654,2,2,9,Yes,Delhi,2005,14083000
3691,4,4,3,Yes,Hyderabad,2021,26807000
2196,3,2,12,Yes,Mumbai,2016,31125000
4491,5,4,3,No,Hyderabad,2009,29917000
2148,4,3,6,Yes,Mumbai,2004,27976000
1945,3,2,9,Yes,Hyderabad,2003,12880000
4699,5,4,7,Yes,Chennai,2021,28793000
4423,5,5,14,Yes,Chennai,2022,28966000
753,1,1,13,Yes,Hyderabad,2003,5387000
3683,5,4,3,Yes,Hyderabad,2014,25526000
3057,5,4,3,Yes,Delhi,2022,31488000
598,1,1,2,Yes,Bangalore,1995,4797000
2700,2,1,9,No,Pune,2011,16198000
3461,4,4,13,Yes,Mumbai,2006,41205000
4277,5,4,15,No,Bangalore,2004,31877000
3369,4,3,3,Yes,Pune,1999,19130000
3734,5,5,11,No,Mumbai,2024,54544000
4291,5,4,5,Yes,Chennai,2023,28905000
1456,2,2,14,No,Chennai,2012,9258000
4567,5,5,14,Yes,Hyderabad,2009,29684000
660,1,1,9,Yes,Hyderabad,2000,4574000
1800,2,1,8,No,Chennai,2001,8919000
4487,5,4,2,Yes,Chennai,2011,26985000
2027,3,2,3,Yes,Hyderabad,2000,11789000
1718,1,1,2,Yes,Pune,2002,9219000
3604,5,4,8,Yes,Mumbai,2006,43688000
3235,4,4,6,Yes,Bangalore,2015,27798000
1454,2,1,6,Yes,Pune,2008,8986000
3946,4,4,12,Yes,Hyderabad,2006,25627000
1545,2,2,15,No,Chennai,2017,9820000
2193,2,2,9,Yes,Hyderabad,2004,14403000
3936,5,4,8,No,Mumbai,2016,50225000
1062,1,1,4,No,Hyderabad,2014,7164000
2985,5,5,15,Yes,Mumbai,2009,41393000
3854,5,5,12,Yes,Delhi,2001,32184000
725,1,1,4,Yes,Hyderabad,2020,6043000
1459,1,1,9,Yes,Mumbai,2003,17639000
3567,4,4,1,No,Mumbai,2004,42360000
1315,1,1,13,Yes,Hyderabad,2004,9035000
3620,4,3,2,Yes,Pune,2010,22883000
516,1,1,2,Yes,Bangalore,2023,5293000
1743,3,2,13,Yes,Mumbai,2001,20999000
2705,2,1,13,Yes,Mumbai,2022,39617000
3024,4,4,6,Yes,Mumbai,2024,39598000
1569,3,3,15,No,Hyderabad,1999,10707000
3944,5,5,4,Yes,Bangalore,2017,33005000
3065,4,3,13,Yes,Mumbai,1997,35576000
1560,1,1,11,No,Delhi,2012,13571000
2827,4,3,10,Yes,Pune,2005,16281000
3920,5,5,13,No,Mumbai,2009,50399000
801,1,1,3,No,Hyderabad,2015,5415000
4776,5,5,3,Yes,Hyderabad,2014,32920000
1106,2,2,3,No,Hyderabad,1999,6784000
3670,5,4,6,Yes,Hyderabad,2018,26939000
1199,1,1,14,No,Bangalore,2006,9692000
1639,3,2,8,Yes,Hyderabad,1998,10332000
690,1,1,11,Yes,Hyderabad,2009,5414000
2800,5,4,7,No,Hyderabad,2003,18827000
1480,2,1,14,No,Hyderabad,2001,9286000
3475,3,3,4,No,Hyderabad,2004,21294000
1684,3,2,11,Yes,Hyderabad,2023,14438000
3827,4,4,12,No,Bangalore,2022,33511000
3894,4,4,4,Yes,Mumbai,2017,53733000
627,1,1,11,No,Hyderabad,2007,4658000
2565,2,2,10,Yes,Bangalore,2023,21756000
2316,4,3,15,Yes,Bangalore,2002,17373000
1069,2,1,11,Yes,Hyderabad,2006,7816000
2395,4,4,11,Yes,Hyderabad,2016,16671000
3233,5,5,14,No,Mumbai,2018,44522000
4363,5,4,11,Yes,Delhi,2013,38240000
4514,5,4,2,Yes,Hyderabad,2020,34701000
3401,4,4,14,Yes,Hyderabad,2020,26173000
2186,2,2,1,No,Pune,2024,15576000
3509,4,4,9,Yes,Bangalore,1995,24219000
654,1,1,12,Yes,Hyderabad,2010,5181000
3037,4,3,15,Yes,Pune,2016,20203000
1909,1,1,12,Yes,Pune,2011,11786000
4557,5,4,2,Yes,Bangalore,2019,43001000
1284,2,1,13,Yes,Mumbai,2024,19834000
3675,5,5,8,Yes,Hyderabad,2012,24892000
3306,3,3,15,No,Hyderabad,2005,23634000
1037,1,1,9,No,Mumbai,2012,13373000
2341,4,3,4,Yes,Hyderabad,2001,15318000
2955,4,3,8,No,Bangalore,2012,24856000
1024,1,1,9,Yes,Chennai,2020,6508000
3450,3,2,10,Yes,Chennai,2002,17625000
4631,5,4,10,Yes,Hyderabad,2000,30445000
4615,5,4,5,Yes,Mumbai,2024,65462000
2868,3,2,13,Yes,Mumbai,2001,35052000
4347,5,4,14,Yes,Pune,2017,28370000
3201,5,5,7,Yes,Bangalore,2016,27485000
1471,2,1,10,Yes,Hyderabad,2004,10613000
1666,3,3,4,Yes,Hyderabad,2005,11678000
3274,4,4,1,Yes,Bangalore,2019,27873000
2482,3,2,3,Yes,Bangalore,2007,18704000
1353,1,1,5,Yes,Delhi,2003,11021000
4646,5,5,3,Yes,Delhi,2001,39263000
4236,5,5,12,Yes,Bangalore,2003,32787000
4269,5,4,13,No,Mumbai,2007,50367000
1074,1,1,11,Yes,Hyderabad,2020,8553000
3761,4,3,7,Yes,Pune,1997,20387000
1648,3,2,12,Yes,Chennai,1997,9199000
2215,2,1,9,Yes,Chennai,1995,10773000
4354,5,5,15,Yes,Pune,2015,29895000
2991,5,5,12,Yes,Hyderabad,2014,22161000
3160,4,3,6,Yes,Hyderabad,1996,19193000
3624,4,4,13,Yes,Mumbai,2019,48760000
3551,5,5,10,Yes,Chennai,1997,18044000
504,1,1,1,Yes,Hyderabad,2009,4252000
1376,1,1,7,Yes,Hyderabad,2018,11004000
1491,2,2,15,Yes,Pune,2000,9084000
4642,5,5,3,Yes,Hyderabad,2024,37640000
1135,2,2,5,Yes,Bangalore,2007,9832000
2193,2,1,10,Yes,Delhi,2015,19797000
2182,3,3,4,Yes,Hyderabad,1995,12786000
619,1,1,10,Yes,Hyderabad,2014,5232000
1330,2,2,5,Yes,Delhi,2013,12715000
4175,5,5,5,No,Mumbai,1995,44986000
1869,1,1,6,Yes,Chennai,2022,12184000
1240,1,1,14,No,Bangalore,2015,9909000
616,1,1,10,Yes,Hyderabad,2016,5190000
3338,4,4,12,Yes,Delhi,1996,24748000
1650,2,1,10,Yes,Mumbai,2009,20172000
2431,3,3,13,Yes,Hyderabad,2008,16356000
1512,3,3,13,Yes,Delhi,2013,15021000
2164,3,3,11,Yes,Hyderabad,2005,14297000
1581,2,2,6,Yes,Bangalore,2024,13936000
1012,1,1,8,Yes,Hyderabad,2009,7384000
3349,5,4,8,No,Bangalore,2000,25814000
1059,1,1,11,No,Bangalore,2014,9152000
4172,5,4,9,Yes,Mumbai,2003,53440000
3843,5,4,8,Yes,Delhi,1999,32422000
4570,5,4,13,Yes,Chennai,2014,26822000
1970,2,1,11,Yes,Hyderabad,1996,12198000
1080,1,1,2,Yes,Hyderabad,2000,6815000
2794,2,1,14,No,Hyderabad,2020,21195000
3647,4,3,14,Yes,Hyderabad,2012,25399000
4749,5,4,12,Yes,Delhi,2022,44919000
2179,4,3,10,Yes,Delhi,2023,23671000
4006,4,3,12,No,Delhi,2017,37664000
3244,5,4,11,Yes,Hyderabad,2013,22780000
3856,5,4,15,Yes,Bangalore,2003,28547000
4545,5,4,1,No,Mumbai,2021,61326000
1743,2,2,10,Yes,Hyderabad,2015,12396000
3618,4,3,2,No,Mumbai,2018,47992000
2641,4,4,2,Yes,Chennai,2021,17534000
3559,4,3,12,No,Bangalore,2000,25625000
3459,5,4,3,Yes,Delhi,2008,29688000
2765,3,3,10,Yes,Mumbai,2022,41806000
2979,3,2,7,No,Hyderabad,2020,19994000
2135,4,4,2,Yes,Mumbai,2018,30357000
2257,4,4,14,Yes,Bangalore,2023,21169000
2570,3,3,1,Yes,Hyderabad,2007,16452000
3349,3,2,14,Yes,Mumbai,2005,41283000
3751,4,3,6,Yes,Pune,2006,22074000
4230,5,4,9,Yes,Bangalore,2013,36344000
2989,4,4,15,Yes,Bangalore,2013,26030000
2131,2,2,3,Yes,Pune,2015,14901000
3316,4,3,6,Yes,Pune,2021,22297000
1515,2,1,3,Yes,Delhi,2020,15623000
1848,2,1,14,No,Hyderabad,2013,12425000
3587,5,4,13,No,Chennai,2018,22376000
3339,3,2,1,No,Hyderabad,2020,23535000
835,1,1,14,Yes,Mumbai,2007,11316000
1395,1,1,13,Yes,Hyderabad,2022,11235000
4046,5,5,12,Yes,Mumbai,2008,49200000
1351,1,1,5,Yes,Bangalore,2018,11973000
2187,3,3,10,Yes,Bangalore,2012,18040000
2431,2,2,14,Yes,Bangalore,2006,18228000
4246,5,5,13,Yes,Hyderabad,1998,26054000
2927,4,4,11,No,Mumbai,2004,33446000
2068,1,1,4,Yes,Pune,2023,14560000
4500,5,4,7,Yes,Chennai,2011,25990000
3238,3,3,6,Yes,Hyderabad,1998,19524000
3998,4,3,10,Yes,Delhi,2006,33710000
4413,5,4,7,No,Delhi,2007,39927000
1566,3,2,5,Yes,Bangalore,2023,15499000
2944,3,2,15,Yes,Hyderabad,2021,23533000
4607,5,4,15,Yes,Delhi,2023,45411000
3873,4,4,4,Yes,Chennai,1998,18881000
4469,5,5,7,Yes,Mumbai,2004,53811000
3046,5,4,7,No,Bangalore,2019,26899000
1253,1,1,6,No,Mumbai,1997,14441000
2582,4,3,8,No,Hyderabad,2009,17889000
3274,4,4,4,Yes,Delhi,1996,24293000
3396,4,3,10,No,Delhi,2019,31595000
4685,5,5,5,Yes,Hyderabad,2019,33530000
1275,1,1,4,Yes,Pune,2011,8295000
2125,4,4,12,Yes,Bangalore,2000,16693000
3569,5,4,1,Yes,Chennai,2020,23262000
917,2,2,12,Yes,Bangalore,2002,7756000
614,1,1,8,Yes,Hyderabad,1997,3891000
1116,1,1,1,Yes,Bangalore,2021,9211000
4474,5,5,5,Yes,Bangalore,2019,38233000
3767,5,5,15,Yes,Hyderabad,2012,26943000
1325,2,2,6,No,Mumbai,2016,18985000
2016,1,1,6,No,Mumbai,1995,21796000
3646,5,5,13,No,Delhi,2023,34990000
912,1,1,5,Yes,Hyderabad,2010,6755000
1228,1,1,3,Yes,Mumbai,2001,14464000
3848,4,3,15,Yes,Hyderabad,1997,22817000
3308,5,4,5,Yes,Delhi,2017,29467000
1175,1,1,12,Yes,Hyderabad,1998,7568000
3965,5,4,8,Yes,Chennai,2003,21764000
3004,4,4,14,Yes,Delhi,1999,23462000
3467,4,4,2,No,Mumbai,2013,46446000
3286,4,4,6,Yes,Bangalore,2009,26813000
1622,3,3,9,Yes,Hyderabad,2002,11074000
4579,5,5,8,Yes,Bangalore,2000,33075000
2071,2,1,14,No,Pune,2012,13549000
2643,2,1,11,No,Chennai,2013,15436000
2187,4,3,8,No,Hyderabad,2018,16017000
4632,5,4,8,No,Mumbai,2009,57549000
4351,5,5,15,Yes,Delhi,2020,43244000
3940,5,5,13,Yes,Mumbai,2001,42760000
4266,5,5,7,Yes,Hyderabad,2004,26572000
2826,4,3,8,Yes,Hyderabad,2000,18353000
3414,5,5,13,Yes,Bangalore,2008,28752000
4452,5,4,6,Yes,Pune,2011,28850000
1095,1,1,2,No,Mumbai,2003,13387000
1228,1,1,2,No,Mumbai,2013,15943000
1865,2,1,8,No,Chennai,2024,11501000
1198,1,1,11,No,Mumbai,1999,13723000
895,1,1,1,Yes,Pune,2017,5668000
4671,5,4,6,Yes,Mumbai,2001,57192000
3002,3,3,13,Yes,Hyderabad,2013,20606000
2319,3,2,6,Yes,Chennai,2014,13814000
1217,1,1,11,Yes,Mumbai,2020,18118000
3282,5,5,4,Yes,Hyderabad,2001,19674000
4077,5,5,12,No,Bangalore,2018,33238000
643,1,1,11,Yes,Hyderabad,1996,4493000
3640,5,5,13,Yes,Mumbai,2019,52018000
3438,4,4,15,Yes,Pune,2017,23149000
4136,5,5,11,Yes,Chennai,2010,24165000
3722,4,4,13,Yes,Chennai,2007,22206000
1667,3,2,10,Yes,Hyderabad,2002,11486000
3116,5,4,3,No,Bangalore,2000,23086000
1562,1,1,13,Yes,Hyderabad,2000,10245000
2656,3,3,11,Yes,Pune,2003,15595000
3482,3,2,3,Yes,Bangalore,1998,26296000
3794,4,4,15,Yes,Mumbai,2021,48611000
1656,1,1,15,No,Delhi,2005,14759000
1232,1,1,13,Yes,Bangalore,1999,9562000
1453,1,1,13,No,Bangalore,2019,12680000
3039,4,4,1,Yes,Chennai,2011,17960000
3824,4,3,3,No,Chennai,2014,22104000
3801,5,5,4,Yes,Bangalore,2001,29210000
2042,1,1,11,Yes,Mumbai,2021,28570000
1691,1,1,11,Yes,Chennai,2009,9534000
3493,5,5,5,Yes,Hyderabad,2019,27239000
3181,4,3,3,Yes,Bangalore,2009,26689000
1717,2,2,6,Yes,Hyderabad,2008,10912000
2040,1,1,11,Yes,Mumbai,2007,27634000
3736,5,4,14,Yes,Hyderabad,2005,23749000
2886,4,3,15,Yes,Bangalore,2022,25152000
4219,5,5,12,No,Hyderabad,2007,26596000
1888,3,2,5,Yes,Mumbai,2020,26744000
2356,3,2,3,Yes,Chennai,2016,13719000
1865,2,2,6,Yes,Pune,2022,12529000
999,2,2,6,No,Pune,2018,6912000
2180,4,4,15,Yes,Mumbai,2023,32573000
1010,2,1,14,Yes,Hyderabad,2003,7299000
1824,3,2,8,No,Hyderabad,2004,12596000
1655,1,1,2,Yes,Chennai,1998,8781000
2327,4,3,1,Yes,Bangalore,2011,19887000
3641,5,5,4,Yes,Hyderabad,2008,24459000
3986,5,4,7,Yes,Delhi,2018,35088000
2310,2,2,15,Yes,Bangalore,2012,17624000
3423,4,3,11,Yes,Bangalore,2005,27210000
2714,3,3,10,Yes,Chennai,2010,16518000
4686,5,5,3,No,Pune,1995,24005000
1213,1,1,3,Yes,Bangalore,2023,10311000
4102,4,3,5,Yes,Chennai,2001,20467000
4634,5,5,5,Yes,Delhi,2022,45544000
4022,5,5,13,Yes,Delhi,2004,34213000
4768,5,4,10,Yes,Hyderabad,2003,31493000
1743,3,3,3,Yes,Hyderabad,2021,13490000
4209,5,4,9,No,Mumbai,2022,58717000
1581,1,1,4,No,Pune,2022,10992000
955,2,2,13,Yes,Mumbai,2019,13043000
1394,1,1,13,Yes,Hyderabad,1997,8817000
1884,1,1,15,Yes,Hyderabad,2016,13565000
2458,3,3,3,Yes,Pune,2017,16929000
3572,5,4,11,Yes,Hyderabad,2008,24877000
2496,4,3,2,Yes,Mumbai,2020,34163000
4785,5,4,10,Yes,Hyderabad,2019,34378000
1004,1,1,13,No,Hyderabad,2009,6416000
1714,3,2,11,No,Delhi,1996,13960000
2031,1,1,9,Yes,Delhi,2018,19310000
3940,4,4,4,Yes,Bangalore,2008,32287000
1323,2,2,3,Yes,Hyderabad,2010,9315000
1428,1,1,7,Yes,Pune,2001,8576000
633,1,1,8,Yes,Hyderabad,1998,4202000
2605,4,4,11,Yes,Mumbai,2012,30869000
4127,5,4,14,Yes,Chennai,2018,25775000
2352,4,3,2,Yes,Hyderabad,2021,17737000
4675,5,5,7,Yes,Chennai,1999,23155000
3433,5,4,12,Yes,Hyderabad,2000,22577000
3784,5,4,5,Yes,Mumbai,2024,57247000
4798,5,5,15,No,Bangalore,2021,41968000
3311,5,4,11,Yes,Chennai,2001,17969000
1750,3,2,5,Yes,Bangalore,2009,14322000
4012,5,4,3,Yes,Bangalore,2020,33879000
1756,2,1,5,Yes,Chennai,1995,9047000
3876,5,5,12,Yes,Mumbai,2018,50281000
3986,5,4,2,Yes,Mumbai,1998,43228000
4084,4,3,4,Yes,Bangalore,2023,34746000
1896,1,1,6,No,Delhi,2019,18018000
4137,5,4,1,Yes,Hyderabad,1995,23882000
3830,4,4,10,Yes,Hyderabad,2005,26359000
3203,4,3,4,Yes,Mumbai,2012,42978000
970,2,2,6,Yes,Bangalore,2008,8033000
1853,2,1,9,Yes,Chennai,2016,11799000
3283,4,4,14,Yes,Chennai,2005,18274000
3331,5,5,11,Yes,Delhi,2004,29037000
857,1,1,11,Yes,Pune,2021,6741000
3519,5,5,13,Yes,Delhi,2024,37467000
1167,1,1,2,Yes,Hyderabad,2011,8217000
1645,3,2,11,Yes,Delhi,1998,14472000
4685,5,4,7,Yes,Hyderabad,2018,34607000
4219,5,4,6,No,Bangalore,2009,33071000
3245,5,5,2,Yes,Pune,2020,22264000
1039,1,1,8,Yes,Mumbai,2010,13299000
3279,5,5,7,Yes,Pune,2015,22342000
4636,5,5,11,Yes,Hyderabad,2007,30923000
4275,5,4,5,Yes,Mumbai,2003,51425000
3008,3,2,12,No,Hyderabad,2005,19714000
3279,3,3,5,Yes,Mumbai,2005,40132000
1424,2,2,7,Yes,Delhi,2000,12852000
3456,4,3,9,Yes,Mumbai,1995,37273000
2081,1,1,11,Yes,Bangalore,2016,17697000
3824,4,3,15,Yes,Hyderabad,2000,23561000
755,1,1,9,Yes,Hyderabad,2007,5027000
2338,3,3,9,Yes,Mumbai,2016,31706000
2444,2,1,6,Yes,Chennai,2018,14356000
509,1,1,10,Yes,Hyderabad,2016,4445000
3371,3,2,6,Yes,Delhi,1999,26412000
1297,2,2,3,Yes,Pune,2009,8563000
1515,1,1,1,Yes,Mumbai,2021,20700000
2324,4,4,7,Yes,Delhi,2012,21341000
3636,5,5,4,Yes,Pune,2014,24436000
2693,2,1,1,Yes,Bangalore,2008,19846000
723,2,2,15,Yes,Bangalore,2009,6368000
4658,5,4,8,Yes,Hyderabad,2020,34657000
4425,5,4,12,Yes,Chennai,1999,23996000
4500,5,4,6,Yes,Chennai,2020,28917000
2133,3,2,6,No,Delhi,1998,16890000
2652,3,3,2,Yes,Hyderabad,1996,16610000
1010,2,2,15,Yes,Bangalore,2001,8676000
884,1,1,1,Yes,Hyderabad,2004,5842000
904,1,1,13,Yes,Hyderabad,2010,6877000
2500,2,1,14,Yes,Mumbai,2004,30500000
3256,4,3,14,Yes,Chennai,2012,19456000
2168,3,2,2,No,Chennai,2011,13061000
1960,1,1,4,Yes,Delhi,2024,19130000
4136,5,5,2,Yes,Hyderabad,2015,28921000
3224,3,2,1,Yes,Bangalore,2022,25079000
4678,5,5,7,Yes,Bangalore,2007,34924000
2548,2,1,11,Yes,Delhi,1995,18292000
4646,5,4,11,No,Pune,1995,24482000
1216,1,1,15,Yes,Bangalore,2009,9615000
2323,2,2,12,Yes,Bangalore,1995,16512000
2581,2,1,8,No,Hyderabad,2000,16198000
3919,5,4,6,Yes,Bangalore,2019,33820000
2074,1,1,4,Yes,Mumbai,2020,27414000
749,1,1,14,Yes,Hyderabad,2007,5775000
1173,1,1,6,Yes,Mumbai,2021,18013000
2665,3,2,3,Yes,Pune,2022,19456000
1270,1,1,12,Yes,Mumbai,1995,13513000
4462,5,4,8,No,Hyderabad,1999,25425000
2484,4,4,10,Yes,Hyderabad,2003,15480000
1577,3,3,14,Yes,Mumbai,2024,22803000
735,1,1,13,Yes,Bangalore,2019,7197000
888,2,2,13,Yes,Bangalore,2011,7983000
3537,5,4,2,Yes,Mumbai,2010,43754000
2348,2,2,5,Yes,Mumbai,2002,28851000
3314,5,4,1,Yes,Delhi,2011,30413000
3874,4,4,6,No,Bangalore,2009,28089000
3778,5,4,2,No,Pune,2018,25882000
1752,1,1,4,No,Bangalore,1995,11878000
4481,5,5,6,Yes,Hyderabad,2006,30024000
2622,2,2,10,Yes,Mumbai,1999,29356000
2650,2,2,11,Yes,Mumbai,2018,35998000
1829,3,3,8,Yes,Chennai,2000,9435000
1858,1,1,12,Yes,Delhi,2019,18471000
2982,3,3,8,Yes,Chennai,1995,14332000
2517,2,1,11,Yes,Chennai,2019,15099000
1831,3,3,6,Yes,Mumbai,1995,19959000
4761,5,4,4,Yes,Mumbai,2004,61069000
1858,1,1,8,No,Mumbai,2004,21462000
3677,4,3,13,Yes,Chennai,1997,19503000
2628,4,3,8,Yes,Delhi,2011,23892000
2680,4,4,10,Yes,Hyderabad,2013,18856000
637,1,1,14,Yes,Delhi,2022,6866000
3972,4,3,1,No,Hyderabad,2005,24477000
3332,3,3,4,Yes,Bangalore,2023,29312000
4079,5,5,4,Yes,Hyderabad,2012,29126000
3531,5,4,7,Yes,Delhi,1996,26952000
4664,5,5,14,No,Pune,2003,26401000
3093,5,5,14,Yes,Bangalore,2018,26504000
4318,5,5,11,No,Hyderabad,2011,28222000
4638,5,4,7,Yes,Bangalore,2022,38599000
4323,5,5,13,Yes,Delhi,2008,39231000
4542,5,4,11,Yes,Bangalore,1998,31422000
2406,4,4,15,No,Bangalore,2023,21833000
1260,2,2,8,Yes,Hyderabad,2011,9081000
3945,5,5,11,Yes,Mumbai,2011,50541000
1399,1,1,5,Yes,Bangalore,2006,10973000
3447,3,2,7,Yes,Delhi,2022,32733000
2219,3,3,8,Yes,Hyderabad,2014,16332000
780,1,1,15,No,Delhi,2012,7920000
3766,5,5,9,Yes,Hyderabad,1997,22266000
2387,3,2,3,Yes,Mumbai,2005,28606000
3766,5,4,3,Yes,Bangalore,2019,33356000
1166,1,1,4,Yes,Delhi,2012,11310000
4688,5,5,5,Yes,Chennai,1998,22734000
1171,1,1,10,Yes,Chennai,2011,6730000
2469,2,2,1,Yes,Mumbai,2012,31804000
4656,5,4,15,Yes,Mumbai,1999,53172000
3622,5,4,15,Yes,Pune,2008,23287000
4400,5,4,7,Yes,Delhi,2004,37387000
1023,2,2,9,Yes,Hyderabad,2009,7710000
2893,3,3,8,No,Pune,1995,15996000
3617,5,4,15,No,Bangalore,2010,28259000
3093,4,4,15,No,Hyderabad,2005,20632000
2468,2,1,5,No,Bangalore,2017,19298000
2253,2,1,14,Yes,Bangalore,2014,18718000
2796,2,1,14,No,Mumbai,2000,30115000
2761,3,2,4,Yes,Hyderabad,2018,19225000
2786,4,3,12,Yes,Hyderabad,2023,23388000
4702,5,5,7,Yes,Hyderabad,2016,31244000
3378,5,5,5,Yes,Mumbai,2010,43215000
4643,5,5,7,No,Delhi,2024,47309000
4144,5,4,12,No,Bangalore,1996,31176000
2555,2,1,1,Yes,Hyderabad,1995,14742000
1776,3,2,1,No,Hyderabad,2018,13167000
3266,4,3,10,Yes,Chennai,2018,20518000
802,1,1,14,Yes,Mumbai,2003,10689000
1138,1,1,13,Yes,Mumbai,2016,16127000
555,1,1,3,Yes,Hyderabad,2006,4018000
1025,2,1,14,No,Delhi,2011,10091000
4623,5,4,11,No,Mumbai,2024,64837000
2625,4,4,2,No,Hyderabad,2019,18291000
3787,5,5,2,Yes,Hyderabad,2022,27048000
864,2,2,7,No,Bangalore,2023,8214000
2146,2,1,12,Yes,Pune,2009,13412000
1418,2,1,10,No,Pune,2024,10520000
3297,5,5,2,Yes,Mumbai,2013,44789000
2031,1,1,11,Yes,Delhi,2021,19757000
3845,4,4,4,Yes,Hyderabad,2016,28634000
2406,4,3,2,Yes,Mumbai,2004,29394000
3586,5,5,6,Yes,Delhi,2023,34069000
2575,3,2,8,Yes,Hyderabad,2020,18177000
1213,1,1,10,Yes,Pune,2021,9147000
1562,2,2,4,Yes,Hyderabad,2006,9646000
2476,3,3,15,Yes,Bangalore,2008,19773000
1796,2,2,5,Yes,Mumbai,2003,24252000
625,1,1,4,Yes,Mumbai,2021,9473000
4096,5,5,3,Yes,Delhi,2007,34925000
3783,5,4,5,Yes,Hyderabad,1997,21314000
2103,2,1,14,No,Pune,2015,14477000
566,1,1,9,No,Mumbai,2023,8918000
732,2,2,8,Yes,Mumbai,2008,10358000
2656,3,3,8,No,Chennai,2015,16002000
1669,2,1,8,No,Delhi,2004,14207000
2658,4,4,12,No,Hyderabad,2010,18496000
4706,5,5,8,Yes,Delhi,2001,36541000
1993,1,1,7,Yes,Hyderabad,1998,12415000
4507,5,5,8,Yes,Hyderabad,2021,33791000
2972,5,5,11,Yes,Bangalore,2014,26027000
3160,4,3,14,Yes,Chennai,2017,19772000
3239,3,2,8,Yes,Hyderabad,2019,24133000
2261,2,1,13,No,Delhi,2005,18858000
4014,5,4,14,No,Hyderabad,2010,27306000
2475,2,1,8,Yes,Delhi,2014,22503000
2862,4,4,12,Yes,Mumbai,1998,36988000
1376,1,1,10,Yes,Delhi,2016,13533000
4312,5,5,7,No,Hyderabad,2016,33984000
3948,5,5,12,Yes,Delhi,2017,37559000
1812,3,2,1,Yes,Chennai,2011,10753000
1960,3,2,4,Yes,Delhi,2007,16426000
3209,4,3,13,Yes,Mumbai,2005,41909000
2824,4,4,13,Yes,Chennai,2024,18525000
2233,4,3,4,Yes,Hyderabad,1997,14930000
2105,2,2,5,No,Delhi,2003,16484000
3063,4,3,10,No,Pune,2000,17919000
3921,4,3,6,No,Hyderabad,2016,25853000
4017,4,4,4,No,Mumbai,2015,52067000
2897,4,4,15,Yes,Hyderabad,2005,19593000
4235,5,4,2,Yes,Mumbai,2010,52508000
3370,3,2,6,Yes,Mumbai,2013,43500000
1660,1,1,15,No,Bangalore,2021,14439000
742,2,1,8,Yes,Mumbai,1999,9500000
3090,5,4,15,Yes,Bangalore,2008,22897000
1563,2,2,8,Yes,Bangalore,2011,12744000
3095,5,4,7,Yes,Hyderabad,1997,20070000
1419,3,3,6,Yes,Pune,1998,8810000
505,1,1,2,Yes,Hyderabad,2010,4120000
967,2,2,15,Yes,Pune,2010,7274000
4670,5,4,7,Yes,Mumbai,2015,59311000
503,1,1,11,No,Bangalore,2020,5028000
1145,2,1,12,Yes,Delhi,2019,11741000
617,1,1,14,Yes,Mumbai,1998,8445000
3428,3,2,14,Yes,Mumbai,2013,46249000
3051,3,2,5,No,Hyderabad,2020,22624000
4789,5,4,6,Yes,Bangalore,2011,39094000
1346,2,1,10,No,Hyderabad,2007,9305000
3262,4,3,8,Yes,Hyderabad,2020,24895000
1641,3,2,14,No,Bangalore,2016,14216000
2310,4,3,8,No,Hyderabad,2017,17528000
1223,1,1,3,Yes,Bangalore,2020,11161000
724,1,1,12,Yes,Hyderabad,2018,6316000
4708,5,5,12,Yes,Hyderabad,2022,37038000
2548,4,4,14,Yes,Hyderabad,1995,16725000
2073,1,1,7,Yes,Chennai,2006,11848000
2328,2,2,1,Yes,Hyderabad,1998,14328000
2417,4,3,1,Yes,Mumbai,2005,28398000
4734,5,4,7,Yes,Hyderabad,1999,27446000
2526,3,3,15,Yes,Chennai,1996,13090000
4244,5,4,15,Yes,Hyderabad,2011,29515000
1401,1,1,10,Yes,Chennai,2002,8179000
2539,4,4,9,Yes,Mumbai,2000,26733000
509,1,1,7,Yes,Hyderabad,2015,4131000
760,2,1,10,Yes,Pune,2023,6169000
2173,3,3,5,No,Mumbai,2003,25002000
2719,3,3,8,Yes,Bangalore,2007,20582000
2560,4,3,2,Yes,Delhi,2005,21437000
4213,5,5,9,Yes,Chennai,2023,26424000
2119,3,3,6,No,Mumbai,2010,26362000
820,1,1,13,No,Bangalore,2010,7283000
1842,2,2,9,No,Delhi,2021,18412000
2876,5,5,2,Yes,Delhi,1996,23420000
3332,5,4,3,Yes,Pune,2004,19830000
3324,5,4,12,Yes,Delhi,2006,30045000
2494,3,2,8,Yes,Hyderabad,2002,16488000
3458,3,3,1,No,Chennai,2005,18809000
2538,2,1,15,Yes,Hyderabad,2024,19073000
3990,4,3,10,Yes,Bangalore,2004,29305000
4177,5,5,15,Yes,Mumbai,2007,54428000
1618,2,1,15,No,Mumbai,2019,22125000
2104,3,2,15,Yes,Hyderabad,2011,14363000
4527,5,4,7,Yes,Delhi,2001,35703000
735,1,1,7,Yes,Bangalore,2018,7266000
2469,2,2,13,Yes,Bangalore,1997,17073000
2408,3,2,1,Yes,Pune,2024,17099000
875,1,1,9,No,Bangalore,2014,7254000
4030,4,4,8,Yes,Hyderabad,2007,27446000
3135,4,3,4,Yes,Hyderabad,2013,22535000
2070,1,1,10,Yes,Chennai,2001,10231000
3060,3,3,11,Yes,Hyderabad,2003,19886000
3891,5,5,5,No,Bangalore,2013,29603000
3465,5,4,2,No,Mumbai,2007,41925000
4143,5,5,13,Yes,Mumbai,2016,56115000
4350,5,5,9,No,Hyderabad,2002,29354000
1372,1,1,15,Yes,Mumbai,2016,19182000
1752,3,2,12,Yes,Bangalore,2012,14488000
1814,1,1,12,Yes,Chennai,2023,11702000
3398,4,3,6,Yes,Hyderabad,2017,25593000
577,1,1,3,Yes,Bangalore,1996,4278000
3121,3,2,12,Yes,Bangalore,2012,26389000
4727,5,4,7,Yes,Bangalore,2012,37193000
1100,1,1,9,Yes,Delhi,2005,9290000
1565,3,3,3,Yes,Hyderabad,1995,9605000
2636,3,3,2,Yes,Hyderabad,2008,16573000
2949,3,3,7,No,Delhi,2010,23557000
2843,4,4,7,Yes,Mumbai,2005,34955000
2363,2,1,4,Yes,Bangalore,1995,15956000
1818,2,2,11,No,Hyderabad,2024,14305000
4097,5,5,9,Yes,Hyderabad,2001,25796000
4262,5,5,14,Yes,Hyderabad,2023,36005000
2690,3,3,8,Yes,Hyderabad,2010,18723000
1492,2,1,13,Yes,Mumbai,2024,20863000
3212,4,3,13,Yes,Pune,2008,19042000
2692,2,1,1,Yes,Bangalore,2009,20695000
1748,1,1,1,No,Bangalore,2008,12892000
3554,4,3,5,No,Hyderabad,2022,25154000
4533,5,5,6,No,Bangalore,2015,37232000
2497,4,3,3,Yes,Hyderabad,2005,16601000
4187,4,3,13,Yes,Chennai,2010,25540000
2651,3,2,9,Yes,Delhi,2013,23309000
4518,5,4,12,Yes,Chennai,2011,25879000
3610,4,3,10,No,Pune,2021,25942000
2470,3,3,14,Yes,Mumbai,2020,35475000
697,1,1,15,Yes,Mumbai,2000,8496000
3126,4,4,6,Yes,Hyderabad,2005,20058000
1702,2,2,4,No,Mumbai,2011,20804000
2535,3,3,12,No,Chennai,2003,13899000
977,1,1,7,Yes,Hyderabad,2012,7484000
1754,3,3,8,No,Pune,2011,12197000
1422,3,2,9,Yes,Bangalore,2006,10987000
919,2,1,13,Yes,Pune,2017,7225000
2704,2,1,11,No,Chennai,2016,16061000
3097,5,4,6,Yes,Delhi,2016,29115000
1620,2,2,15,No,Delhi,2024,16304000
3568,5,4,6,Yes,Mumbai,1999,38006000
1450,2,1,8,Yes,Pune,2005,9194000
2836,3,3,12,No,Chennai,1998,13809000
2743,3,3,5,Yes,Delhi,2021,25981000
3145,4,3,14,No,Mumbai,1998,36395000
2357,3,2,3,No,Mumbai,1997,24377000
2365,2,2,12,Yes,Pune,2020,15385000
3412,5,4,3,Yes,Mumbai,2018,49286000
3353,5,4,13,Yes,Pune,2017,22972000
3728,4,3,6,Yes,Mumbai,2019,49922000
4219,5,4,2,Yes,Hyderabad,2011,28989000
3728,5,5,6,Yes,Bangalore,2001,28280000
2871,3,3,13,Yes,Bangalore,2020,26426000
3391,5,5,6,Yes,Hyderabad,1998,20135000
4256,5,4,8,No,Hyderabad,2017,29309000
4725,5,4,7,No,Mumbai,2007,59415000
594,1,1,8,Yes,Hyderabad,2006,4632000
3174,3,2,14,Yes,Bangalore,1995,20635000
2455,4,3,9,No,Delhi,2015,22094000
1293,2,2,6,Yes,Chennai,2013,8186000
2334,4,3,14,Yes,Delhi,2015,22477000
2616,4,3,3,No,Chennai,2014,15722000
4606,5,5,10,Yes,Delhi,2012,39179000
3825,5,4,3,Yes,Bangalore,2005,29129000
3419,3,3,11,No,Delhi,2014,30039000
3097,3,3,12,No,Delhi,1997,22838000
3705,4,4,1,Yes,Bangalore,2023,32782000
1314,1,1,11,Yes,Hyderabad,2011,9357000
845,2,2,15,Yes,Delhi,2006,8528000
2849,5,4,13,Yes,Hyderabad,2004,18580000
862,2,2,15,No,Mumbai,2002,11033000
2943,4,4,5,Yes,Hyderabad,2009,18997000
2765,4,3,14,No,Mumbai,1999,31643000
2688,3,2,4,Yes,Mumbai,1998,31024000
3505,5,5,9,Yes,Hyderabad,2020,27334000
3781,5,4,15,Yes,Bangalore,2022,34690000
1484,1,1,9,Yes,Mumbai,2015,20630000
2139,3,3,15,Yes,Pune,2014,14333000
1327,1,1,14,Yes,Pune,2013,9106000
3230,3,2,5,Yes,Mumbai,2015,45950000
4031,4,4,10,Yes,Delhi,1998,31042000
3435,4,4,4,Yes,Bangalore,2009,28652000
4376,5,4,7,No,Bangalore,2011,35929000
626,1,1,15,Yes,Hyderabad,2006,4893000
3677,4,4,6,Yes,Mumbai,1997,41007000
3556,5,5,4,No,Bangalore,2004,26937000
1103,1,1,13,No,Hyderabad,2009,7934000
3949,5,5,13,Yes,Delhi,2004,33939000
4646,5,4,15,Yes,Delhi,2018,43208000
4033,5,4,10,No,Bangalore,2017,31179000
3867,4,4,2,No,Hyderabad,2012,27030000
3868,5,4,1,No,Bangalore,1995,24208000
4297,5,5,4,Yes,Bangalore,1997,28449000
2292,4,4,4,Yes,Delhi,2015,21539000
3361,3,3,13,Yes,Bangalore,2020,27833000
3976,5,5,1,Yes,Delhi,2021,39191000
3917,4,4,6,Yes,Pune,2006,23051000
2145,4,3,4,No,Hyderabad,1995,13297000
1705,2,1,1,Yes,Chennai,1997,8120000
3530,5,5,1,Yes,Bangalore,1997,24333000
3372,4,3,15,Yes,Bangalore,1999,24427000
3572,5,5,13,Yes,Bangalore,2013,29961000
2354,4,3,1,Yes,Hyderabad,2023,18937000
4521,5,5,8,No,Hyderabad,2019,31851000
3208,3,2,10,Yes,Bangalore,1995,21494000
4002,4,4,8,Yes,Delhi,1998,31994000
1832,1,1,2,No,Chennai,2023,10239000
701,1,1,11,Yes,Delhi,2023,7809000
4007,5,4,13,Yes,Hyderabad,2020,31091000
4712,5,5,7,No,Delhi,2020,42532000
1074,1,1,14,Yes,Mumbai,1998,12548000
1036,1,1,8,Yes,Pune,2011,7306000
2125,3,2,8,No,Pune,2008,13392000
2622,4,3,11,Yes,Pune,2012,17511000
885,2,2,10,Yes,Bangalore,2021,9115000
3781,5,4,15,Yes,Delhi,1995,31316000
974,2,1,11,No,Bangalore,2016,8653000
917,1,1,13,Yes,Chennai,2010,5835000
4100,4,3,7,Yes,Hyderabad,1997,25300000
1454,2,2,5,Yes,Hyderabad,2017,10941000
1705,1,1,1,Yes,Hyderabad,2015,11500000
4620,5,5,12,No,Delhi,2003,37140000
2490,3,3,9,Yes,Bangalore,2017,21766000
4072,4,4,13,Yes,Bangalore,1998,28350000
4658,5,4,7,Yes,Chennai,2015,27442000
3213,3,3,2,Yes,Chennai,1999,15786000
2703,2,2,6,Yes,Bangalore,2005,21489000
3620,5,4,2,No,Hyderabad,2015,25289000
1466,2,1,15,Yes,Pune,2020,10321000
3932,5,4,1,No,Chennai,2003,20386000
1188,1,1,14,No,Mumbai,2020,17315000
4743,5,5,7,Yes,Mumbai,1997,54350000
4201,5,5,13,Yes,Bangalore,2000,30057000
841,2,1,2,No,Pune,2018,5836000
2224,3,3,13,Yes,Mumbai,2005,28009000
2292,3,2,14,No,Mumbai,2003,26771000
2259,3,3,14,Yes,Hyderabad,2023,16911000
3712,5,4,2,Yes,Chennai,2009,21756000
1489,2,2,13,Yes,Mumbai,2017,20407000
2762,2,2,11,Yes,Hyderabad,2022,21214000
2982,3,3,5,No,Mumbai,1997,33633000
1451,2,1,14,Yes,Delhi,1995,11587000
1222,1,1,5,Yes,Mumbai,2014,16073000
3889,4,4,7,No,Delhi,2023,37047000
2579,4,4,1,Yes,Mumbai,2016,33558000
3217,4,4,8,Yes,Chennai,2013,18958000
2832,4,3,3,No,Hyderabad,2008,19305000
3876,5,5,4,Yes,Hyderabad,2011,28403000
2000,1,1,15,Yes,Hyderabad,2016,15244000
785,1,1,9,Yes,Delhi,2008,7402000
3995,5,5,4,Yes,Mumbai,2011,54441000
2565,2,1,10,Yes,Pune,2019,16879000
1268,2,1,12,Yes,Delhi,2021,12342000
3557,5,5,15,Yes,Mumbai,2008,48760000
4789,5,5,5,Yes,Chennai,2006,26967000
2661,4,3,7,Yes,Bangalore,2010,20289000
3793,5,4,4,Yes,Pune,1995,21678000
1446,2,2,14,Yes,Bangalore,2007,11569000
3835,5,4,1,No,Mumbai,2000,43186000
4650,5,4,9,Yes,Delhi,2011,42917000
1981,3,3,4,Yes,Mumbai,2006,26160000
2401,2,1,9,Yes,Hyderabad,2017,16639000
3951,5,4,6,Yes,Bangalore,2013,34290000
4564,5,5,15,Yes,Mumbai,2000,54916000
554,1,1,1,Yes,Pune,2001,3424000
2323,2,1,12,Yes,Bangalore,1995,15827000
3962,4,4,3,Yes,Chennai,1995,20707000
3579,5,4,11,No,Bangalore,2023,30043000
1332,1,1,2,Yes,Mumbai,1999,16139000
3306,4,3,9,Yes,Delhi,2000,27559000
2990,3,3,15,No,Mumbai,2010,38927000
827,2,1,12,Yes,Chennai,2019,6142000
3810,5,4,1,Yes,Delhi,2010,36269000
3800,5,4,13,Yes,Mumbai,2008,52034000
4175,4,4,14,Yes,Hyderabad,1995,23978000
3554,4,4,9,Yes,Bangalore,2007,28356000
2643,4,3,9,Yes,Bangalore,2014,24018000
1811,3,2,8,Yes,Delhi,2004,15152000
3691,4,4,8,Yes,Hyderabad,2018,27375000
3038,3,3,11,Yes,Hyderabad,2004,20530000
4483,5,5,14,No,Hyderabad,2003,26249000
664,1,1,12,Yes,Hyderabad,2007,5292000
4777,5,5,1,Yes,Bangalore,1997,31692000
1322,1,1,11,Yes,Pune,2021,9493000
1443,2,1,8,Yes,Delhi,2012,13984000
1274,1,1,10,No,Delhi,2014,10574000
2698,4,3,14,Yes,Delhi,1996,22012000
3656,5,5,3,Yes,Bangalore,2011,32070000
4742,5,5,11,Yes,Pune,2022,31985000
4195,5,4,7,Yes,Hyderabad,2013,30070000
3952,5,4,11,Yes,Bangalore,2017,35536000
1414,3,3,15,Yes,Mumbai,2007,17496000
1808,1,1,1,Yes,Hyderabad,2007,12090000
4677,5,4,1,Yes,Delhi,1995,36628000
1013,1,1,10,Yes,Bangalore,1996,7631000
2420,2,1,13,No,Delhi,1995,18254000
4094,5,5,5,Yes,Mumbai,2018,53927000
1909,2,1,5,Yes,Hyderabad,1999,12394000
3690,5,5,8,Yes,Delhi,2018,35500000
2055,1,1,7,Yes,Bangalore,1997,13715000
1304,2,2,8,Yes,Mumbai,2023,19065000
1779,2,2,6,No,Hyderabad,2022,13662000
4077,4,3,6,Yes,Mumbai,2001,44408000
3401,3,2,2,No,Delhi,2018,31378000
1887,2,2,6,Yes,Bangalore,2016,15822000
3261,4,4,5,Yes,Chennai,2007,19506000
3179,4,4,13,Yes,Pune,2023,20993000
2606,3,3,3,Yes,Delhi,2017,25532000
4723,5,4,6,Yes,Delhi,2024,49315000
3268,3,3,8,No,Bangalore,2022,26357000
4453,5,4,9,No,Delhi,2012,36912000
3686,4,4,1,No,Hyderabad,2018,28380000
3780,4,4,3,No,Hyderabad,2015,25540000
3073,4,4,3,Yes,Chennai,2001,18545000
3099,4,4,11,Yes,Mumbai,1995,32021000
4533,5,4,8,Yes,Bangalore,1999,32497000
736,1,1,1,Yes,Bangalore,2011,6221000
1804,2,1,5,Yes,Mumbai,2022,25425000
3930,5,5,3,Yes,Hyderabad,2023,30733000
1801,3,3,2,Yes,Hyderabad,2002,12114000
3041,3,2,15,Yes,Hyderabad,2009,20558000
2551,4,3,8,Yes,Mumbai,2014,32893000
941,1,1,3,Yes,Mumbai,1998,11379000
2576,4,4,7,Yes,Hyderabad,1996,16281000
3680,5,4,12,Yes,Delhi,1999,29740000
3157,5,5,11,Yes,Hyderabad,1995,19765000
4298,5,5,1,Yes,Delhi,2019,42202000
1304,2,1,6,Yes,Chennai,1999,6912000
574,1,1,3,Yes,Delhi,2000,5144000
2675,4,3,8,Yes,Pune,1996,14565000
4424,5,5,6,Yes,Chennai,2020,28773000
2589,4,3,12,Yes,Mumbai,2020,36480000
540,1,1,2,Yes,Delhi,1995,4615000
2581,3,2,6,Yes,Pune,1998,14089000
2122,4,3,7,Yes,Bangalore,2001,16595000
841,1,1,5,Yes,Bangalore,2016,7185000
4552,5,4,3,Yes,Chennai,2020,28365000
2574,4,4,4,No,Delhi,1995,20579000
1145,1,1,4,Yes,Hyderabad,1995,7035000
4763,5,4,6,No,Bangalore,2002,34763000
1109,1,1,10,Yes,Delhi,2014,11355000
954,1,1,1,Yes,Mumbai,2010,12868000
3453,5,5,11,Yes,Mumbai,2015,48370000
2208,2,2,4,Yes,Delhi,2007,19448000
3972,4,4,10,Yes,Mumbai,2017,55584000
3469,4,3,13,Yes,Mumbai,2018,50876000
3528,5,4,4,Yes,Delhi,2020,33696000
3181,3,2,10,Yes,Delhi,2017,30972000
4129,5,4,1,Yes,Mumbai,2012,54189000
4725,5,5,9,Yes,Bangalore,2024,41685000
3567,4,4,4,Yes,Bangalore,2014,29307000
1886,2,1,7,Yes,Chennai,2004,10495000
4276,5,5,12,Yes,Hyderabad,2006,27389000
3366,3,3,14,No,Bangalore,1995,23698000
3863,5,4,3,No,Mumbai,2004,46095000
4624,5,5,10,Yes,Pune,2003,26983000
648,1,1,12,Yes,Hyderabad,1997,4798000
4350,5,4,3,No,Bangalore,2022,38011000
2558,4,4,14,Yes,Hyderabad,2013,20030000
1636,1,1,8,Yes,Delhi,2020,15511000
686,1,1,8,No,Hyderabad,2003,4439000
3354,4,3,11,Yes,Bangalore,2004,25117000
1750,3,3,12,Yes,Bangalore,2013,13513000
1833,3,2,1,Yes,Pune,2010,12121000
4693,5,4,10,Yes,Bangalore,2018,38226000
4650,5,4,2,No,Hyderabad,2012,30771000
3211,5,5,8,Yes,Mumbai,2008,42066000
2285,3,2,1,Yes,Chennai,2023,14916000
1250,1,1,15,Yes,Mumbai,1997,14244000
2262,2,1,12,Yes,Chennai,1996,10529000
4420,5,5,8,Yes,Pune,1995,24960000
981,2,1,8,Yes,Hyderabad,2012,7687000
653,1,1,2,No,Delhi,2018,6801000
2024,3,3,4,Yes,Bangalore,2003,15137000
2620,4,4,6,Yes,Mumbai,2007,31140000
2843,4,3,12,Yes,Bangalore,1996,20969000
1740,2,1,11,Yes,Bangalore,2001,12910000
560,1,1,9,No,Chennai,2010,3710000
1438,2,2,15,Yes,Hyderabad,2015,11812000
2139,3,2,8,No,Pune,2013,13952000
4620,5,5,12,Yes,Hyderabad,2019,34443000
4726,5,4,15,Yes,Hyderabad,2009,32216000
4069,4,4,8,Yes,Pune,2016,24794000
1752,3,3,7,Yes,Mumbai,2005,22980000
4703,5,5,14,Yes,Delhi,1995,37582000
671,1,1,13,No,Hyderabad,2015,5384000
1958,3,2,9,Yes,Mumbai,2001,21968000
4049,5,4,15,No,Delhi,2014,36916000
4697,5,5,2,Yes,Mumbai,2002,58394000
2822,3,3,3,Yes,Mumbai,2004,33235000
2136,4,3,10,Yes,Chennai,1999,12404000
3615,4,3,8,Yes,Delhi,2003,29893000
4590,5,4,14,Yes,Chennai,2019,29535000
3504,4,4,6,Yes,Delhi,2019,33051000
829,1,1,10,Yes,Delhi,1995,6833000
4140,5,5,9,No,Hyderabad,1996,24991000
4394,5,5,10,Yes,Bangalore,2013,34501000
4607,5,5,4,No,Pune,2008,27913000
1841,3,2,8,No,Hyderabad,2014,11848000
4163,4,4,10,Yes,Hyderabad,2004,26090000
715,2,2,3,Yes,Bangalore,2003,6176000
838,1,1,3,Yes,Hyderabad,2004,5969000
4562,5,5,8,Yes,Chennai,2023,30025000
3208,3,3,5,Yes,Pune,2000,16973000
3652,5,4,3,No,Mumbai,2011,48767000
2250,2,2,10,Yes,Hyderabad,2022,16455000
2921,5,5,11,Yes,Delhi,2019,29683000
1209,1,1,1,Yes,Mumbai,2000,13433000
4226,5,4,15,Yes,Chennai,1998,21264000
4142,5,4,3,Yes,Mumbai,2024,57187000
4493,5,4,12,Yes,Bangalore,2014,37261000
988,1,1,9,Yes,Mumbai,1997,11409000
546,1,1,5,Yes,Chennai,2017,4030000
3859,5,5,12,Yes,Delhi,2013,35491000
900,2,2,10,Yes,Delhi,2012,8474000
4490,5,4,15,Yes,Hyderabad,2020,33926000
3657,5,5,2,Yes,Delhi,2018,32471000
890,2,2,7,Yes,Delhi,1998,7444000
4353,5,5,15,No,Bangalore,2002,31651000
1128,1,1,2,Yes,Mumbai,2011,14400000
4732,5,5,4,No,Bangalore,1999,31148000
3430,3,3,12,Yes,Bangalore,2007,27976000
2021,1,1,7,Yes,Hyderabad,2019,15708000
1326,1,1,4,No,Bangalore,1995,9723000
2000,2,2,7,Yes,Mumbai,2021,29610000
3794,5,4,7,No,Hyderabad,2007,24676000
2919,4,4,1,Yes,Bangalore,1998,20546000
1434,1,1,6,Yes,Pune,2016,9336000
3542,5,5,9,No,Mumbai,2020,53537000
1966,1,1,2,Yes,Mumbai,2018,26445000
4061,4,4,14,Yes,Bangalore,2008,33414000
1114,1,1,3,Yes,Delhi,1997,9239000
1682,2,1,10,No,Hyderabad,1999,10420000
3723,5,4,5,No,Pune,2001,19871000
3167,4,3,9,Yes,Hyderabad,1995,18769000
630,1,1,4,No,Delhi,2017,6137000
3483,3,3,1,Yes,Bangalore,2023,32095000
4778,5,5,4,Yes,Delhi,2006,40394000
538,1,1,6,Yes,Mumbai,2005,6771000
4459,5,5,5,Yes,Mumbai,2018,63367000
4087,4,3,14,Yes,Hyderabad,2002,25522000
1420,1,1,13,Yes,Mumbai,2019,17958000
3269,4,4,1,Yes,Chennai,2000,17429000
4611,5,5,4,Yes,Pune,2022,32220000
992,2,2,6,Yes,Hyderabad,2016,7638000
1631,2,1,13,Yes,Bangalore,1996,11624000
4021,5,5,15,Yes,Chennai,2013,25036000
810,1,1,10,No,Mumbai,2014,11148000
1238,1,1,10,No,Delhi,2014,10671000
3741,5,4,14,Yes,Chennai,2018,24894000
1045,1,1,4,No,Pune,2008,6751000
2961,3,2,15,Yes,Mumbai,1995,32055000
2304,4,3,14,Yes,Bangalore,2004,16769000
3712,5,4,9,No,Bangalore,2010,30456000
4310,5,4,5,Yes,Delhi,2024,41618000
1313,2,1,8,No,Bangalore,1998,9639000
4624,5,4,9,Yes,Hyderabad,2021,37576000
2532,3,3,10,No,Bangalore,2022,21079000
744,1,1,5,Yes,Hyderabad,2023,5988000
771,2,2,6,Yes,Delhi,2005,7244000
4011,4,3,1,Yes,Mumbai,2010,53266000
2271,4,4,11,Yes,Mumbai,2021,37616000
1762,2,1,12,Yes,Bangalore,2014,15052000
2924,3,2,15,No,Chennai,1995,13534000
1420,1,1,7,Yes,Hyderabad,2010,9704000
3930,5,5,4,Yes,Delhi,2013,34725000
3124,4,3,11,Yes,Chennai,2015,19774000
4260,5,4,2,Yes,Bangalore,2016,36057000
2550,4,4,5,No,Mumbai,2003,29419000
4000,5,5,12,Yes,Chennai,2003,21282000
1665,1,1,3,Yes,Hyderabad,2003,10365000
875,1,1,6,Yes,Mumbai,2021,12617000
2533,3,3,8,Yes,Mumbai,2011,32876000
645,1,1,7,No,Bangalore,2006,5212000
931,2,2,3,Yes,Pune,2019,7312000
1204,2,1,8,Yes,Pune,2007,7658000
3132,5,5,2,No,Delhi,2002,25281000
1463,2,2,10,No,Hyderabad,2010,9733000
2734,2,2,9,Yes,Hyderabad,2012,18705000
2541,2,1,4,Yes,Mumbai,2023,36249000
2328,4,4,1,Yes,Hyderabad,2021,16867000
2608,4,4,8,Yes,Delhi,1995,20149000
4568,5,5,7,No,Mumbai,1995,52236000
1438,3,3,11,Yes,Delhi,2006,13565000
1306,1,1,13,Yes,Mumbai,2000,15742000
1963,1,1,5,Yes,Bangalore,2003,14773000
3915,5,4,10,Yes,Hyderabad,2017,28024000
510,1,1,13,Yes,Bangalore,1999,4293000
2368,4,4,5,Yes,Mumbai,2021,35735000
1384,2,1,7,Yes,Delhi,2010,13025000
4064,4,3,5,Yes,Delhi,2012,35061000
1889,3,2,8,Yes,Delhi,2011,16054000
3901,4,4,11,Yes,Chennai,2012,22346000
1324,1,1,13,Yes,Bangalore,1995,9646000
2765,2,1,6,Yes,Hyderabad,2013,18476000
1436,2,1,13,Yes,Bangalore,2016,12823000
3300,4,4,5,Yes,Delhi,2023,34677000
3053,3,3,9,Yes,Bangalore,2002,22500000
4345,5,4,11,Yes,Pune,1997,24033000
2296,2,2,2,No,Mumbai,2020,32359000
553,1,1,1,No,Chennai,2019,3421000
1226,1,1,8,Yes,Chennai,2020,7801000
3236,5,4,12,Yes,Hyderabad,1999,21056000
3670,5,4,3,No,Mumbai,2017,49694000
2413,4,4,14,Yes,Mumbai,2002,29564000
2096,1,1,11,Yes,Bangalore,2013,17079000
2414,3,2,12,Yes,Bangalore,2012,20724000
2966,5,4,12,No,Delhi,2012,27671000
3237,5,5,12,Yes,Hyderabad,2015,24404000
1349,2,2,7,Yes,Mumbai,1995,16072000
2609,4,4,10,Yes,Delhi,2009,25062000
502,1,1,13,No,Hyderabad,2012,4417000
4755,5,5,11,Yes,Mumbai,2023,66271000
4569,5,4,8,Yes,Bangalore,2019,43021000
1392,1,1,15,Yes,Delhi,2001,11171000
2530,3,3,13,Yes,Hyderabad,2010,19143000
3660,4,4,13,Yes,Pune,2010,22420000
2876,4,3,6,Yes,Bangalore,2009,22898000
2433,4,3,12,No,Hyderabad,2000,15485000
1880,3,3,10,Yes,Bangalore,2003,14194000
4181,5,5,14,Yes,Bangalore,2001,30986000
1790,3,3,9,Yes,Bangalore,2008,14255000
2140,3,2,7,Yes,Mumbai,2005,25072000
3182,5,4,15,Yes,Mumbai,2015,43224000
1487,1,1,10,Yes,Hyderabad,2010,11024000
1718,1,1,5,Yes,Hyderabad,2019,12474000
1855,2,1,8,Yes,Delhi,2000,15592000
4765,5,5,15,Yes,Mumbai,2016,62053000
4635,5,5,2,No,Bangalore,2021,37911000
2060,3,2,7,No,Pune,2010,13122000
1918,2,1,15,Yes,Bangalore,2014,17350000
1454,1,1,4,Yes,Delhi,2023,14519000
1483,3,3,9,Yes,Bangalore,2010,13157000
1474,2,2,12,No,Hyderabad,2006,10641000
4633,5,5,1,Yes,Chennai,2011,26658000
4472,5,4,7,No,Bangalore,1999,31373000
1413,2,2,6,Yes,Delhi,2021,14548000
536,1,1,8,No,Bangalore,2019,5139000
3887,4,4,5,No,Mumbai,2007,45101000
2211,2,2,15,No,Pune,2002,12943000
3520,5,5,1,Yes,Hyderabad,2018,26099000
1295,1,1,1,Yes,Pune,1999,7013000
4536,5,4,9,Yes,Mumbai,2006,55439000
3611,4,4,15,Yes,Mumbai,2003,41406000
1824,3,2,10,Yes,Mumbai,1997,19769000
817,2,1,6,Yes,Pune,1997,5067000
2896,3,3,10,Yes,Hyderabad,1995,17835000
2662,4,4,5,Yes,Bangalore,2019,23176000
3245,5,4,15,Yes,Pune,2016,21243000
2091,2,1,1,Yes,Delhi,2012,17991000
3611,5,4,6,No,Hyderabad,2018,26984000
4430,5,5,6,Yes,Mumbai,2006,58027000
2496,2,2,3,Yes,Mumbai,2003,30512000
1812,1,1,13,Yes,Bangalore,2003,14338000
1785,2,2,8,No,Bangalore,2012,13913000
2883,3,3,14,Yes,Delhi,2012,26197000
3739,4,3,15,Yes,Hyderabad,2023,29875000
2639,2,1,1,Yes,Delhi,2001,19742000
2204,3,3,1,Yes,Pune,2021,14961000
862,2,2,6,Yes,Bangalore,1998,7068000
3104,3,2,10,No,Bangalore,2007,23899000
2216,4,4,13,No,Bangalore,2011,17831000
4786,5,5,1,Yes,Mumbai,2018,60847000
4238,5,4,6,Yes,Delhi,1996,34285000
2969,4,3,1,Yes,Bangalore,2008,21345000
1056,1,1,14,Yes,Mumbai,1997,12696000
1325,1,1,13,Yes,Bangalore,1999,9639000
3308,5,5,6,Yes,Bangalore,2008,27521000
3219,4,3,3,No,Hyderabad,1997,18280000
4008,4,4,14,No,Hyderabad,2017,31918000
4241,5,5,14,Yes,Hyderabad,2001,27309000
2074,2,1,15,Yes,Bangalore,2024,19381000
4498,5,4,8,Yes,Pune,2012,27431000
2629,2,2,13,Yes,Delhi,2007,22525000
2903,5,4,15,Yes,Bangalore,2023,26817000
3829,5,4,6,Yes,Hyderabad,2017,29968000
1088,2,2,13,No,Hyderabad,2021,8987000
2512,2,1,11,Yes,Bangalore,2016,21453000
2047,2,1,13,Yes,Mumbai,2004,25422000
794,1,1,1,Yes,Bangalore,2019,7325000
2485,3,2,15,Yes,Hyderabad,2007,15979000
3617,5,5,5,Yes,Hyderabad,2010,27118000
2190,4,4,8,Yes,Hyderabad,2003,14297000
1636,2,1,3,Yes,Hyderabad,1996,9811000
2564,3,2,12,Yes,Delhi,2017,25900000
1507,1,1,6,Yes,Hyderabad,1999,10027000
3014,5,5,5,No,Mumbai,2023,44879000
4026,4,3,6,Yes,Mumbai,2016,52728000
1747,1,1,10,Yes,Pune,2011,11088000
4402,5,4,1,Yes,Pune,2017,28935000
1935,3,2,7,Yes,Delhi,2016,18663000
1071,1,1,9,Yes,Hyderabad,1998,6531000
2882,3,3,2,No,Mumbai,2011,38562000
1745,1,1,10,No,Delhi,2003,14281000
2584,2,1,15,Yes,Hyderabad,2014,17764000
777,1,1,5,Yes,Mumbai,1996,8832000
2387,2,2,10,Yes,Pune,2018,16202000
1765,3,2,4,Yes,Mumbai,2012,22069000
1540,1,1,6,No,Hyderabad,2015,11100000
1417,2,1,6,Yes,Hyderabad,2021,11117000
1385,1,1,11,Yes,Bangalore,2016,12702000
3252,3,3,2,Yes,Hyderabad,2005,20977000
521,1,1,2,Yes,Delhi,2007,4713000
3691,5,5,4,No,Delhi,2002,28752000
2853,4,3,1,Yes,Hyderabad,2021,21236000
1186,1,1,9,No,Pune,1995,6318000
784,2,2,14,Yes,Bangalore,2011,7254000
4247,5,5,14,No,Hyderabad,2006,28106000
1262,1,1,13,Yes,Delhi,1998,10068000
2928,5,4,7,Yes,Delhi,2015,28021000
3007,4,4,12,No,Mumbai,2007,36782000
528,1,1,7,Yes,Pune,2023,4495000
1406,2,1,15,Yes,Delhi,2003,12078000
3604,4,3,3,Yes,Pune,2021,25636000
4499,5,4,15,Yes,Bangalore,2024,41560000
3494,4,3,11,Yes,Delhi,2001,28638000
3006,3,2,15,No,Chennai,2017,18172000
4109,4,3,12,Yes,Delhi,2018,36401000
4053,5,4,3,Yes,Hyderabad,1999,26193000
1953,3,2,1,No,Mumbai,1999,21729000
3856,5,5,3,Yes,Mumbai,2011,49992000
1015,1,1,3,No,Hyderabad,2024,7839000
538,1,1,4,No,Chennai,2003,3093000
3842,5,5,4,Yes,Hyderabad,2000,25317000
1386,1,1,3,Yes,Hyderabad,2019,9768000
3344,4,4,10,Yes,Chennai,2013,21591000
2704,3,2,12,Yes,Mumbai,2010,35634000
1598,3,2,8,No,Hyderabad,2015,11681000
2323,4,4,8,Yes,Mumbai,1996,26283000
3701,4,4,13,Yes,Mumbai,2004,40854000
3655,4,3,13,Yes,Hyderabad,2010,24199000
3593,5,4,1,No,Chennai,1999,18216000
4030,5,4,7,Yes,Mumbai,2009,51352000
4278,5,5,11,Yes,Mumbai,2007,55966000
3396,4,3,2,Yes,Mumbai,2007,45410000
3953,4,4,1,No,Mumbai,2007,48950000
4011,5,5,3,Yes,Bangalore,2009,31981000
1488,1,1,4,Yes,Bangalore,2008,11403000
4616,5,4,13,Yes,Mumbai,2002,50771000
4526,5,5,6,Yes,Pune,2005,26108000
4679,5,4,10,Yes,Hyderabad,2012,32065000
2182,4,3,14,No,Mumbai,2018,31751000
4463,5,5,5,Yes,Pune,1998,25118000
1433,2,1,15,Yes,Hyderabad,2020,11475000
4098,4,4,15,Yes,Hyderabad,2004,25897000
3733,4,4,14,Yes,Bangalore,1995,23790000
2480,2,1,4,No,Mumbai,2023,32039000
2355,2,2,8,Yes,Hyderabad,1999,13529000
3556,4,4,11,Yes,Bangalore,2007,27436000
1292,2,1,12,Yes,Mumbai,1995,15324000
1291,1,1,14,Yes,Mumbai,2017,18713000
2309,4,3,4,Yes,Bangalore,2002,18071000
2755,2,2,13,Yes,Bangalore,1997,18915000
4110,4,4,10,Yes,Delhi,1997,33343000
2107,2,1,12,Yes,Chennai,2001,10900000
1484,1,1,13,Yes,Pune,1998,8784000
4176,5,4,2,Yes,Mumbai,1997,43613000
3880,4,3,15,No,Bangalore,2009,28915000
1019,1,1,3,Yes,Bangalore,2002,8236000
1090,1,1,6,No,Hyderabad,1997,6488000
1550,2,2,8,Yes,Hyderabad,2023,12048000
4133,5,5,8,Yes,Delhi,2024,43237000
1459,1,1,15,Yes,Bangalore,2001,11562000
1192,1,1,11,Yes,Bangalore,2012,9906000
4399,5,4,15,Yes,Chennai,2005,24661000
3446,3,3,9,No,Hyderabad,2005,22136000
1026,1,1,7,Yes,Hyderabad,2011,6593000
3724,4,4,13,Yes,Hyderabad,2022,26873000
2753,3,2,2,Yes,Mumbai,2000,32941000
3844,5,5,8,Yes,Mumbai,2002,44238000
4465,5,4,7,Yes,Bangalore,1995,31142000
2375,3,3,8,Yes,Mumbai,2023,34727000
2263,3,3,12,No,Delhi,2004,20105000
1020,1,1,3,No,Pune,2022,6571000
1516,1,1,7,Yes,Chennai,2019,9738000
616,1,1,10,Yes,Pune,2013,4633000
2933,3,2,13,No,Mumbai,1997,31752000
1083,1,1,9,No,Hyderabad,1998,6452000
894,1,1,3,Yes,Hyderabad,2005,6160000
4288,5,5,14,No,Hyderabad,2009,29747000
3268,5,4,10,Yes,Delhi,1995,25457000
4667,5,5,6,No,Pune,2003,26805000
4360,5,5,2,Yes,Mumbai,2005,51876000
773,2,2,2,Yes,Hyderabad,2013,6036000
2513,2,1,5,No,Mumbai,2007,29611000
1889,3,3,5,Yes,Chennai,2020,12281000
4066,4,4,13,Yes,Mumbai,2010,53131000
665,1,1,7,Yes,Pune,1998,4295000
2067,2,1,12,No,Pune,1995,10416000
1228,2,2,2,No,Chennai,2014,7241000
2543,4,4,11,Yes,Delhi,2007,21972000
4697,5,4,14,Yes,Delhi,1995,35630000
3996,5,4,13,No,Hyderabad,1999,22859000
1278,1,1,7,Yes,Hyderabad,1999,7762000
713,1,1,5,Yes,Mumbai,2008,8863000
4262,5,4,14,Yes,Hyderabad,2021,32740000
2076,3,2,6,Yes,Chennai,2017,13121000
2948,3,2,8,Yes,Bangalore,2008,22548000
3436,3,2,10,Yes,Pune,2002,18717000
3617,4,3,13,Yes,Bangalore,1998,25268000
1091,1,1,14,No,Bangalore,2001,8025000
3220,3,2,12,Yes,Chennai,2014,20476000
1213,1,1,4,Yes,Bangalore,2013,10482000
1435,2,1,13,Yes,Bangalore,2009,11550000
501,1,1,7,Yes,Hyderabad,2016,4322000
3348,4,4,6,Yes,Delhi,1998,27474000
4544,5,4,10,No,Bangalore,2024,39223000
2449,2,1,2,Yes,Mumbai,2013,29917000
1417,3,3,15,No,Mumbai,2003,16456000
3674,5,4,8,Yes,Delhi,2015,35982000
2741,4,4,10,Yes,Delhi,2007,23991000
589,1,1,9,Yes,Mumbai,2008,8128000
2209,2,2,5,No,Bangalore,2017,17985000
2669,4,4,10,No,Pune,2022,17890000
4738,5,4,4,Yes,Bangalore,2008,35014000
3541,4,4,6,Yes,Mumbai,2016,45173000
605,1,1,8,Yes,Bangalore,2004,5319000
1386,1,1,11,Yes,Pune,2010,9452000
927,1,1,15,Yes,Bangalore,1999,7270000
2395,3,3,3,No,Bangalore,2017,18974000
816,1,1,10,No,Delhi,2021,8402000
1134,1,1,11,Yes,Mumbai,2000,14225000
2425,4,3,11,No,Hyderabad,2020,19226000
2556,3,3,1,Yes,Mumbai,1996,28439000
3644,4,3,4,Yes,Delhi,2007,30803000
2770,4,3,15,Yes,Chennai,2023,18624000
1939,3,3,4,Yes,Mumbai,2007,25749000
1052,1,1,1,No,Bangalore,2013,8690000
1215,1,1,9,Yes,Hyderabad,2012,8645000
4411,5,5,3,Yes,Pune,2022,29792000
2213,4,3,5,Yes,Pune,2013,14477000
3889,5,4,6,Yes,Hyderabad,1995,22003000
1607,1,1,8,Yes,Hyderabad,2002,10791000
4706,5,5,6,Yes,Delhi,2016,42276000
750,1,1,3,Yes,Bangalore,2010,6468000
2930,5,5,6,No,Bangalore,2023,25935000
2554,2,2,1,No,Hyderabad,1996,14380000
958,1,1,4,Yes,Bangalore,2002,7306000
707,1,1,6,No,Bangalore,2000,5406000
1399,1,1,7,Yes,Delhi,2010,12384000
3961,5,4,11,Yes,Bangalore,2017,32265000
3885,5,4,13,Yes,Bangalore,2005,29860000
521,1,1,11,Yes,Bangalore,2011,4818000
909,1,1,10,Yes,Mumbai,2017,13702000
1394,1,1,3,No,Hyderabad,2013,9387000
1014,1,1,9,Yes,Mumbai,2005,12419000
4609,5,5,12,Yes,Delhi,2022,48845000
2634,3,2,12,Yes,Hyderabad,2002,17390000
4095,4,4,7,No,Hyderabad,2016,27926000
3456,3,3,14,Yes,Hyderabad,1998,20352000
2060,3,2,1,Yes,Mumbai,2005,25722000
1766,3,2,2,Yes,Pune,2002,10538000
2669,3,2,1,Yes,Hyderabad,2003,17507000
4138,5,5,11,Yes,Chennai,2020,25734000
1249,1,1,9,No,Hyderabad,1996,7643000
3927,5,4,9,Yes,Pune,2010,22393000
2427,2,2,7,Yes,Mumbai,2000,27917000
4304,5,4,10,Yes,Delhi,2015,38789000
4202,5,4,3,No,Mumbai,2015,54546000
2856,4,4,13,Yes,Mumbai,2020,40364000
2835,4,4,15,Yes,Pune,2021,21176000
806,1,1,5,No,Delhi,2013,7082000
4165,4,3,15,Yes,Mumbai,2022,53703000
2489,3,2,4,Yes,Hyderabad,2002,15133000
1161,2,1,7,Yes,Hyderabad,2008,8615000
811,2,2,14,Yes,Pune,2018,6157000
3420,3,2,9,Yes,Mumbai,2010,42347000
1582,3,2,12,Yes,Mumbai,2006,20913000
3471,3,2,2,Yes,Delhi,1999,26996000
1254,2,2,13,Yes,Pune,2018,9666000
4630,5,5,8,Yes,Mumbai,2020,59152000
852,1,1,15,Yes,Delhi,2018,8754000
1402,1,1,9,Yes,Delhi,2013,13648000
4388,5,5,10,No,Bangalore,2012,33790000
658,1,1,14,Yes,Bangalore,2003,5891000
2477,4,3,10,No,Pune,1996,13582000
1456,3,2,9,Yes,Bangalore,2019,13634000
2571,2,2,14,Yes,Chennai,2014,16332000
903,2,1,10,Yes,Hyderabad,2006,6777000
3279,3,2,14,Yes,Hyderabad,2023,24422000
1887,2,2,7,Yes,Chennai,1996,9956000
3953,4,4,15,Yes,Mumbai,2004,46536000
1455,2,1,9,No,Bangalore,1995,10193000
2212,4,4,9,Yes,Delhi,1998,17282000
1773,2,1,14,Yes,Delhi,2019,17421000
4311,5,4,3,Yes,Mumbai,2006,55256000
3125,3,3,4,No,Hyderabad,2003,19310000
2882,5,4,2,Yes,Pune,1998,17117000
1941,1,1,10,Yes,Pune,2003,12651000
3479,3,3,3,No,Hyderabad,2022,25582000
2297,3,3,11,Yes,Pune,2000,13803000
4509,5,5,11,No,Pune,1995,24445000
1894,2,1,5,Yes,Mumbai,2004,23069000
4781,5,5,5,Yes,Delhi,2023,48445000
1769,3,3,6,No,Bangalore,2008,14040000
4214,5,5,13,Yes,Bangalore,2016,34785000
1029,2,2,7,Yes,Delhi,2019,9985000
4123,4,3,7,No,Pune,2023,27550000
3458,5,4,1,Yes,Delhi,2012,32395000
3414,5,5,14,Yes,Mumbai,2000,38764000
4091,5,4,2,Yes,Hyderabad,2012,28567000
2647,3,3,12,Yes,Hyderabad,2014,19051000
3869,5,5,9,No,Bangalore,2010,30099000
1439,1,1,10,Yes,Hyderabad,2009,9232000
1025,1,1,2,Yes,Mumbai,2010,13986000
501,1,1,6,Yes,Bangalore,2002,4353000
874,2,2,11,No,Delhi,2007,9012000
2840,4,3,11,Yes,Bangalore,2017,25625000
4505,5,5,1,Yes,Mumbai,2005,57515000
3552,5,4,3,No,Mumbai,2022,46650000
2865,3,3,2,Yes,Hyderabad,2023,20270000
2025,1,1,3,Yes,Hyderabad,2019,14638000
2146,2,1,5,Yes,Bangalore,2001,14861000
513,1,1,11,Yes,Pune,2011,3899000
2778,4,3,10,Yes,Hyderabad,2012,21795000
3655,4,3,6,Yes,Delhi,2016,35518000
629,1,1,9,No,Chennai,2017,4077000
4314,5,4,12,Yes,Delhi,2013,35517000
3716,5,4,11,Yes,Hyderabad,2019,26726000
3438,5,5,15,Yes,Chennai,2007,19673000
4428,5,5,15,No,Hyderabad,2009,29537000
2540,4,4,10,Yes,Mumbai,2017,33486000
527,1,1,12,Yes,Pune,2024,4819000
2613,3,2,12,Yes,Mumbai,2016,34432000
1752,3,2,13,Yes,Bangalore,2023,16894000
2546,2,2,4,No,Bangalore,2016,20893000
4523,5,4,7,No,Bangalore,1995,31752000
3874,5,4,6,Yes,Mumbai,2023,54905000
3966,4,4,2,Yes,Bangalore,2010,30114000
3581,5,4,10,Yes,Chennai,1999,18523000
4278,5,5,11,Yes,Chennai,2020,26598000
1129,1,1,11,Yes,Pune,1997,7116000
769,2,1,11,Yes,Bangalore,2017,7453000
3139,3,2,15,Yes,Delhi,2004,26274000
2493,2,1,15,Yes,Chennai,2013,15387000
3391,4,4,8,Yes,Pune,1999,19154000
3932,4,4,7,Yes,Bangalore,2001,29902000
1780,2,2,15,Yes,Hyderabad,2008,12334000
2860,5,4,15,Yes,Hyderabad,1997,17715000
1075,2,1,7,Yes,Mumbai,2007,13329000
1807,3,2,14,Yes,Mumbai,2007,24880000
3692,4,3,15,No,Pune,2004,21478000
3678,5,5,8,No,Bangalore,1996,24433000
3234,5,5,12,Yes,Hyderabad,2000,20965000
2712,3,3,12,Yes,Bangalore,2002,19810000
2852,4,4,13,No,Bangalore,1998,20230000
4068,5,4,14,Yes,Hyderabad,2019,30746000
2155,4,3,11,Yes,Delhi,2006,20319000
2079,2,1,1,No,Mumbai,2022,28989000
